MemberID,Name,DOB,Gender,Region,PlanType,EffectiveDate,Email,IsActive,LastUpdated
M00001,Alexis Davis,2014-10-09,F,North,Medicaid,2022-06-02,mreilly@johnson.com,0.0,2024-05-23
M00002,Michelle Jordan,1979-07-18,F,East,EPO,2023-09-25,hfox@hotmail.com,1.0,2024-05-16
M00003,Thomas Bentley,2002-07-18,M,Central,EPO,2017-08-26,corey14@cruz.com,0.0,2024-05-09
M00004,Danny Gomez,1970-09-07,M,Metro,Medicare,2018-08-21,elizabethschneider@hotmail.com,1.0,2024-05-11
M00005,Joseph Gonzalez,1976-01-06,O,North,HMO,2020-01-28,brownjonathan@ramirez-moore.com,1.0,2024-06-07
M00006,David Summers,1994-09-23,M,South,HMO,2019-08-10,wilsonjose@armstrong.com,0.0,2024-05-15
M00007,Larry Burke,2000-06-29,F,Central,EPO,2022-03-28,simsgary@gmail.com,1.0,2024-06-06
M00008,Clinton Weaver,1997-09-16,O,South,Medicaid,2020-08-02,cwright@martinez-stephens.info,1.0,2024-06-02
M00009,Daniel Howard,1999-12-09,O,East,Medicare,2016-07-26,nicholsonnicholas@higgins.com,1.0,2024-05-08
M00010,Bryan Burns,2011-11-22,F,Central,Medicare,2016-12-05,jorge67@hotmail.com,1.0,2024-05-28
M00011,Danielle Mcdonald,1983-09-11,M,West,Medicaid,2023-07-09,harmonjohn@wang.net,1.0,2024-05-21
M00012,Travis Barton,1991-07-03,O,North,Medicaid,2017-01-06,howardrobert@yahoo.com,0.0,2024-05-16
M00013,Daniel Aguilar,1986-05-06,F,East,Medicaid,2018-05-23,lewisallison@duke-foley.com,1.0,2024-06-10
M00014,Courtney Maddox,2010-03-03,M,North,HMO,2020-04-23,sherri00@randall-murphy.biz,0.0,2024-06-06
M00015,Nicholas Rose,1984-05-17,O,North,HMO,2023-12-11,adrian38@yahoo.com,1.0,2024-06-02
M00016,Derek Castro,2008-03-22,F,East,HMO,2024-02-22,diazkevin@johnson-sullivan.biz,0.0,2024-05-01
M00017,Travis Ortega,1992-02-29,M,Central,Medicare,2016-05-29,mcintoshparker@colon.com,0.0,2024-05-02
M00018,Anthony Perez,1989-10-31,O,West,HMO,2018-05-21,daniel83@morgan-tyler.com,0.0,2024-05-02
M00019,Bryan Clark,1995-01-27,F,East,EPO,2016-05-31,rickeycruz@gonzales.com,1.0,2024-05-05
M00020,Victor Houston,1991-11-22,O,South,HMO,2016-08-02,terri85@harmon.com,0.0,2024-05-12
M00021,Michael Miller,1998-08-28,F,South,HMO,2020-04-09,alyssadiaz@yahoo.com,0.0,2024-05-08
M00022,Matthew Hernandez,2004-05-12,O,South,Medicaid,2019-01-02,orozcomatthew@hotmail.com,0.0,2024-05-21
M00023,Beth Mitchell,1987-08-05,F,Central,Medicaid,2023-07-05,qrichardson@mendoza-phillips.biz,1.0,2024-05-31
M00024,Michael Daniels,1989-01-15,O,East,HMO,2023-12-15,ehenry@allen.com,0.0,2024-05-22
M00025,David Stephenson,1987-06-24,O,Central,EPO,2019-12-23,gkeller@yahoo.com,1.0,2024-05-24
M00026,Jeremy Murillo,2010-07-14,F,North,PPO,2016-01-31,savannahbentley@cummings.com,1.0,2024-05-17
M00027,Mary Jones,1987-07-14,M,Central,PPO,2017-02-16,vspencer@gmail.com,0.0,2024-05-13
M00028,John Jones,1998-05-17,O,Central,Medicaid,2022-02-16,samanthamolina@yahoo.com,0.0,2024-05-13
M00029,Heather Sanders,1981-12-18,M,North,Medicaid,2022-11-19,devin57@wilson.com,1.0,2024-05-29
M00030,James Warren,1986-06-18,M,North,Medicaid,2020-05-08,paula17@hotmail.com,0.0,2024-06-07
M00031,Cindy Payne,2012-10-05,F,West,POS,2017-11-20,riggspamela@hotmail.com,0.0,2024-05-18
M00032,Donna Dennis,1995-03-31,M,South,PPO,2024-03-19,kphillips@gmail.com,1.0,2024-05-17
M00033,Chelsea Thompson,1985-07-04,F,East,EPO,2020-03-02,tpayne@hotmail.com,0.0,2024-06-01
M00034,Amy Richardson,2005-12-01,O,Metro,HMO,2023-09-08,mallory09@yahoo.com,1.0,2024-05-04
M00035,Victoria Foster,1997-02-02,O,Central,EPO,2020-11-07,jonesdennis@harmon.org,1.0,2024-05-10
M00036,Leslie Mckenzie,2008-03-14,M,East,Medicaid,2024-03-14,anna09@alvarado.biz,1.0,2024-05-02
M00037,Timothy Strickland,1989-04-26,M,Metro,Medicaid,2023-08-04,cassandra37@bender-frye.com,1.0,2024-05-15
M00038,Jonathan Mcintosh,2015-01-26,M,Metro,Medicare,2017-04-26,meaganfuentes@yahoo.com,1.0,2024-05-27
M00039,Lisa Singleton,2015-03-10,M,Central,PPO,2016-06-17,hallmatthew@jennings.com,1.0,2024-05-13
M00040,Susan Smith,1988-12-06,O,Central,EPO,2019-12-05,edward07@ellis-mendoza.com,0.0,2024-05-22
M00041,Debra Estrada,2013-09-28,O,West,Medicare,2018-08-05,sharonbrown@scott-williams.com,0.0,2024-05-26
M00042,Christopher Torres,1974-12-20,F,South,HMO,2022-01-01,james11@yahoo.com,0.0,2024-05-05
M00043,Larry Williams,2015-07-04,F,Central,POS,2018-04-21,stacy93@hotmail.com,0.0,2024-05-19
M00044,Margaret Martinez,1986-12-11,M,Metro,PPO,2023-04-13,baileymiranda@yahoo.com,1.0,2024-06-09
M00045,William Logan,1990-09-01,F,Metro,PPO,2019-12-18,baileyglenda@yahoo.com,0.0,2024-06-09
M00046,Jose Campbell,1969-11-29,F,East,EPO,2022-09-23,milleredward@hotmail.com,0.0,2024-05-08
M00047,John Johnson,1980-11-17,F,South,Medicare,2018-07-19,hilldaniel@gmail.com,1.0,2024-05-08
M00048,George Leon,1985-06-18,F,West,Medicare,2019-02-14,tracy66@gill.net,1.0,2024-05-03
M00049,Michael Mathis,2008-01-15,M,North,HMO,2017-01-24,riosrobert@woods.com,1.0,2024-05-23
M00050,Taylor Bush,2015-08-11,M,East,Medicare,2016-08-19,kristinepearson@andrews.info,1.0,2024-05-31
M00051,John West,2003-05-15,F,West,PPO,2019-12-22,fsullivan@gmail.com,0.0,2024-06-10
M00052,Katherine Powell,1976-06-04,O,East,EPO,2018-11-19,gtaylor@gmail.com,1.0,2024-05-16
M00053,Matthew Flowers MD,1993-03-06,O,West,Medicare,2018-10-09,brandon54@gmail.com,1.0,2024-06-02
M00054,John Rasmussen,2014-10-07,F,West,Medicare,2019-10-28,fflores@gmail.com,1.0,2024-05-08
M00055,Michelle Conley,1986-02-11,F,South,PPO,2018-10-11,mpalmer@phillips.com,1.0,2024-05-25
M00056,Steven Bell PhD,2002-06-06,F,East,EPO,2023-02-12,jennifer56@green.com,0.0,2024-05-01
M00057,Edward Baker,2001-09-28,F,East,POS,2019-03-26,jfreeman@hotmail.com,1.0,2024-06-08
M00058,Laurie Calderon,2015-09-29,O,West,PPO,2020-12-28,james32@hotmail.com,1.0,2024-06-07
M00059,Natalie Thompson,1982-04-01,M,West,Medicare,2020-12-26,williamhodges@hotmail.com,1.0,2024-06-07
M00060,Christopher Roberts,2003-11-26,F,Metro,Medicaid,2021-12-13,fsmith@yahoo.com,1.0,2024-05-14
M00061,Michael Jones,1972-05-19,M,West,Medicaid,2022-12-27,robertgamble@barker.org,0.0,2024-05-05
M00062,Elizabeth Sharp,1988-05-29,F,South,POS,2016-12-10,ybarry@stevens.biz,0.0,2024-05-29
M00063,Mr. Daniel Gomez,2005-11-18,M,East,PPO,2018-06-11,wbrown@larson-stewart.com,0.0,2024-05-23
M00064,Jesus Martin,1984-05-12,M,Metro,EPO,2020-04-19,aprilgray@horton.biz,,2024-05-21
M00065,Jordan Robertson,1986-06-05,M,West,POS,2017-10-18,emorris@yahoo.com,1.0,2024-05-24
M00066,Donald King,1983-03-22,O,West,HMO,2019-09-13,gtaylor@weaver.com,1.0,2024-05-27
M00067,Samantha Moore,2009-04-27,M,East,Medicaid,2019-10-06,christopher92@yahoo.com,1.0,2024-06-08
M00068,Jamie Hernandez,1969-09-22,O,East,EPO,2024-02-22,owensphillip@harris.biz,0.0,2024-05-21
M00069,Steven Perez,1977-11-11,O,South,HMO,2023-01-24,ckhan@hotmail.com,0.0,2024-06-07
M00070,Mark Vargas,1975-07-31,M,West,POS,2020-10-20,zclark@yahoo.com,1.0,2024-05-20
M00071,Rebecca Adams,1995-01-19,F,South,Medicare,2021-06-15,stacy53@hotmail.com,0.0,2024-05-12
M00072,Timothy Williams,1982-06-25,M,East,PPO,2020-06-23,pnolan@kelly.com,0.0,2024-05-18
M00073,Mr. Jonathan Livingston MD,1970-05-05,F,West,Medicaid,2019-09-12,davidwilliams@yahoo.com,1.0,2024-05-15
M00074,Catherine Cook,2012-03-29,O,Metro,EPO,2020-08-20,michael32@hotmail.com,0.0,2024-05-14
M00075,Alexis Greene,1997-09-20,O,South,POS,2023-01-07,douglas29@yahoo.com,1.0,2024-06-01
M00076,Gina Sims,2012-06-22,O,East,Medicaid,2023-05-22,joshua30@thompson.com,0.0,2024-06-05
M00077,Juan Harper,2015-09-11,O,Metro,EPO,2022-02-23,suzanne63@gmail.com,1.0,2024-05-29
M00078,Johnathan Johnson,2010-11-10,M,Central,EPO,2016-11-02,yburns@romero.com,0.0,2024-05-23
M00079,Dennis Sanders,2004-02-12,F,North,EPO,2019-10-05,norma44@gmail.com,0.0,2024-06-05
M00080,Lisa Chung,1992-05-15,M,North,POS,2016-01-09,kathy99@matthews.org,1.0,2024-05-07
M00081,Christopher Howe,1998-10-16,O,North,POS,2017-10-13,lawsonmark@allen.info,0.0,2024-05-30
M00082,Jessica Parker,1978-01-14,O,East,PPO,2023-10-20,maria30@hotmail.com,1.0,2024-06-05
M00083,Scott Petty,2005-04-13,F,South,Medicare,2023-08-10,kimberlylove@hotmail.com,1.0,2024-06-02
M00084,Frederick Clay,1997-11-06,O,Metro,Medicaid,2020-01-06,florestodd@yahoo.com,0.0,2024-06-02
M00085,Brandon Black,2014-03-31,O,Central,EPO,2019-08-19,peggyfrench@johnson.com,0.0,2024-05-18
M00086,Michelle Ellis,1975-01-08,M,South,HMO,2023-07-20,shannon34@yahoo.com,1.0,2024-05-09
M00087,James Bennett,1985-04-03,O,East,EPO,2022-06-21,wbrown@richardson.net,1.0,2024-05-26
M00088,Justin Boyd,2009-07-26,F,Metro,Medicare,2021-12-17,oconnelljames@gmail.com,0.0,2024-06-07
M00089,Jonathan Kim,2011-05-12,M,East,POS,2018-05-19,fcook@hotmail.com,1.0,2024-05-25
M00090,Shelby Mclean,1994-11-11,M,West,Medicare,2023-10-02,eshaw@hotmail.com,1.0,2024-05-17
M00091,Scott Henderson,1980-12-01,M,Metro,PPO,2017-06-03,moonveronica@hotmail.com,0.0,2024-05-12
M00092,Deborah Sharp,2009-05-28,O,Metro,Medicaid,2017-01-02,obrooks@mcdonald-ellis.com,0.0,2024-05-25
M00093,Madeline Hebert,2006-10-24,F,East,POS,2016-11-03,amy83@martinez-mitchell.info,,2024-05-22
M00094,Anne Jones,2006-09-15,F,North,HMO,2021-11-16,crystalosborne@gmail.com,1.0,2024-05-06
M00095,Paul Cox,1978-02-20,M,Central,POS,2022-05-04,sean83@yahoo.com,,2024-05-03
M00096,Cynthia Rivera,1991-12-29,F,West,POS,2018-06-27,tstanton@hotmail.com,1.0,2024-05-26
M00097,Anthony Powers,1972-09-20,F,South,EPO,2017-09-18,huntstacy@yahoo.com,1.0,2024-05-13
M00098,Bradley Dennis,2016-02-08,F,West,EPO,2020-01-01,beckercarla@gmail.com,0.0,2024-06-09
M00099,Shannon Curtis,1975-10-03,O,North,PPO,2023-03-20,mramirez@hotmail.com,0.0,2024-05-24
M00100,Jeffery Mcintosh,1977-08-17,F,Metro,PPO,2019-10-14,samanthaparks@adams.com,1.0,2024-05-04
M00101,Mary Compton,1971-08-17,O,Metro,EPO,2021-08-24,,1.0,2024-05-17
M00102,Brittney Waters,1975-03-13,F,Metro,EPO,2019-08-25,victoriajohnson@hotmail.com,1.0,2024-06-05
M00103,Troy Reynolds,2003-11-18,F,Metro,Medicaid,2016-03-04,bburton@haas.com,1.0,2024-05-29
M00104,Victoria Ferrell,2011-07-14,M,North,Medicare,2018-02-08,fandrews@smith-scott.info,1.0,2024-06-05
M00105,Katie Williams,2007-03-08,O,West,EPO,2016-07-04,scottcynthia@johnson-hernandez.com,1.0,2024-05-10
M00106,Sarah Ford,2007-11-28,M,North,HMO,2021-06-19,fsimon@palmer.net,,2024-05-30
M00107,Daniel Copeland,1984-10-16,F,East,Medicaid,2019-10-28,elainetorres@reilly-james.com,0.0,2024-06-04
M00108,Jonathan Cox,1994-04-26,M,East,POS,2020-03-31,gloria52@yahoo.com,,2024-05-28
M00109,Timothy Matthews,1979-01-12,O,Central,POS,2023-07-28,aibarra@greene-goodwin.net,1.0,2024-05-26
M00110,Sandra Jackson,1982-12-02,F,Central,EPO,2017-09-06,james46@gmail.com,0.0,2024-05-09
M00111,Stephanie Kim,2014-11-18,M,Metro,POS,2020-05-28,rdaniels@escobar.info,1.0,2024-06-05
M00112,Anthony Nelson,1970-04-19,M,Metro,HMO,2020-04-20,caleb80@brown-cruz.com,1.0,2024-06-01
M00113,James Andrews,2000-12-17,F,North,HMO,2023-08-05,stephaniemacdonald@richardson.com,0.0,2024-05-15
M00114,Robert Moore,1981-01-07,M,West,Medicaid,2019-10-25,aaronruiz@yahoo.com,1.0,2024-05-30
M00115,Robin Newman,1977-03-04,O,North,EPO,2023-11-03,sbrown@ferguson.com,0.0,2024-05-23
M00116,Teresa Christensen,1993-07-21,M,Central,HMO,2016-11-22,melissa57@yahoo.com,1.0,2024-05-11
M00117,Amanda Blanchard,2009-09-14,F,Central,Medicaid,2020-12-26,justinmiranda@smith-villa.com,1.0,2024-05-17
M00118,Leah White,1981-02-08,O,Metro,Medicare,2023-12-08,tmurray@hall.org,1.0,2024-05-19
M00119,Bryan Robertson,1997-09-04,F,North,PPO,2016-12-07,browe@yahoo.com,1.0,2024-05-22
M00120,Raymond Anderson,1985-10-14,F,West,HMO,2023-02-06,makaylagarcia@yahoo.com,0.0,2024-05-25
M00121,Angel Evans,2007-10-05,F,West,EPO,2021-08-29,garciaamanda@anderson.net,1.0,2024-05-02
M00122,Kenneth Vaughan,1998-07-09,M,West,Medicaid,2017-12-27,simpsonashley@wilson-harper.com,1.0,2024-05-13
M00123,Christopher Gonzales,1986-01-26,O,South,PPO,2016-08-20,masonrodriguez@gmail.com,,2024-06-02
M00124,Jacob Clark,1999-01-27,O,Metro,PPO,2023-07-13,zthornton@smith-king.com,0.0,2024-06-06
M00125,Tim Hughes,2014-07-03,O,South,Medicare,2017-10-03,gregory59@hotmail.com,,2024-05-19
M00126,Lisa Bradley,1980-02-19,F,North,POS,2019-06-29,cherylsims@gmail.com,1.0,2024-05-27
M00127,Nathan Garcia,1998-04-14,F,East,Medicare,2017-10-30,cainkim@fleming.org,1.0,2024-06-09
M00128,Amy Brock,2010-11-25,F,Central,HMO,2016-04-17,smithkaitlyn@gmail.com,,2024-05-09
M00129,Tiffany Smith,1994-12-05,M,Central,PPO,2018-03-20,susan59@hotmail.com,1.0,2024-06-08
M00130,Kevin Le,2009-04-08,F,North,Medicare,2022-12-28,johnsonvickie@collins.org,1.0,2024-05-20
M00131,Joshua Baker,2011-02-11,F,North,Medicaid,2017-02-09,katherine21@porter-decker.org,1.0,2024-06-03
M00132,Ryan Novak,1997-01-03,F,West,Medicaid,2023-11-05,kathleen01@yahoo.com,0.0,2024-05-30
M00133,Sarah Wolfe,2015-12-18,M,North,POS,2022-01-07,william45@hotmail.com,1.0,2024-06-03
M00134,Richard Deleon,2000-11-15,O,Metro,Medicare,2021-10-04,lwebb@carter-becker.com,0.0,2024-06-03
M00135,Christopher Moody,2002-09-25,F,North,HMO,2020-03-25,martindustin@miller-williams.com,,2024-05-06
M00136,Robert Wilkerson,2000-01-05,M,East,Medicare,2019-04-02,justindavis@byrd.com,0.0,2024-05-15
M00137,Madeline Wolfe,2004-09-13,M,Metro,Medicare,2018-02-19,zbrown@bridges.info,1.0,2024-05-02
M00138,Adam Heath,2005-12-10,M,South,Medicaid,2022-03-19,jenniferrivera@gmail.com,1.0,2024-05-03
M00139,Karina Arnold,1979-11-27,M,North,POS,2022-05-02,kevinmurphy@hotmail.com,1.0,2024-06-10
M00140,Daniel Burns,2008-06-15,O,Central,Medicaid,2016-03-26,joseph91@cook.net,0.0,2024-05-16
M00141,Kara Klein,2005-09-27,F,East,Medicaid,2018-05-18,briantran@bruce.com,,2024-06-01
M00142,Brenda King,2006-01-06,F,Central,EPO,2020-08-22,christopherknight@gmail.com,,2024-05-13
M00143,Jordan Morales,2014-11-23,O,West,HMO,2019-05-22,craigsantana@gmail.com,1.0,2024-06-04
M00144,Joyce Ewing,2010-03-03,M,Metro,HMO,2023-12-21,ijones@yahoo.com,1.0,2024-05-12
M00145,Jeremy Coleman,1969-12-03,O,South,HMO,2022-12-26,wallerkelly@anderson.com,1.0,2024-06-10
M00146,Lisa Young,1983-03-24,F,East,HMO,2023-05-31,norriscassidy@hotmail.com,0.0,2024-05-13
M00147,Monica Weaver,1979-07-16,F,Central,POS,2019-01-25,caldwelljohn@guerra.com,1.0,2024-05-02
M00148,Lance Manning,1997-04-20,F,East,PPO,2021-09-24,qramsey@mccall.net,1.0,2024-05-27
M00149,Nicole Castro,1998-09-10,M,South,PPO,2017-03-27,woodwardnicole@moreno-pacheco.com,0.0,2024-05-02
M00150,Gregory Watson,1985-11-09,M,South,Medicare,2022-08-03,odavis@olson.info,0.0,2024-05-21
M00151,Crystal Gonzales,1979-04-29,O,East,Medicare,2016-04-09,ihernandez@hotmail.com,1.0,2024-05-20
M00152,Tyler Johnson,2014-04-16,F,Central,Medicare,2016-12-06,tristan62@moran-brady.org,0.0,2024-05-20
M00153,Suzanne Vega,2008-09-05,O,Metro,POS,2019-01-05,michaelcooper@russell.com,,2024-05-12
M00154,Roberto Martin,1985-08-16,M,East,Medicare,2020-01-31,james90@gray.info,,2024-05-10
M00155,Laura Sanchez,1985-04-12,F,East,EPO,2023-11-02,jonathanjones@jackson.com,0.0,2024-05-31
M00156,Amanda Duncan,1983-06-13,F,Central,PPO,2019-02-28,williamsshelby@hotmail.com,1.0,2024-06-06
M00157,John Reeves,2008-12-02,F,North,POS,2016-04-12,parkerelizabeth@nunez.com,1.0,2024-06-01
M00158,Sophia Harris,1980-02-04,M,South,Medicare,2022-02-02,aaronbaker@hotmail.com,1.0,2024-05-24
M00159,Sharon Johnson,2013-01-22,F,Central,PPO,2016-11-28,morrowdonald@collins-giles.com,1.0,2024-05-26
M00160,Cynthia Jones,1999-12-12,O,North,Medicare,2022-02-18,lozanosamuel@arias.com,1.0,2024-06-02
M00161,Steven Peterson,2009-02-22,F,West,Medicare,2023-11-24,brittneyanderson@pierce.biz,0.0,2024-06-02
M00162,Glenn Chambers,2011-11-15,F,East,HMO,2016-08-22,stacey56@fischer.info,0.0,2024-06-10
M00163,John Mathews,1982-03-05,M,Metro,HMO,2017-10-30,uwilson@gmail.com,,2024-05-22
M00164,Vanessa Chavez,1984-05-29,F,West,Medicaid,2023-11-04,ryandouglas@gmail.com,0.0,2024-06-03
M00165,Dale Hansen,1975-12-08,O,Metro,POS,2020-03-03,monicasuarez@rodriguez.com,0.0,2024-06-06
M00166,Donna Flores MD,2011-04-06,F,West,Medicare,2022-10-25,maria34@brown.org,1.0,2024-05-25
M00167,James Bennett,1985-01-05,O,Metro,HMO,2016-01-27,zhartman@hayes.com,1.0,2024-06-07
M00168,Paula Harris,2008-08-07,O,East,EPO,2021-06-22,thomasnoble@hughes.com,0.0,2024-05-01
M00169,Michael Fitzgerald,2001-07-07,M,North,POS,2020-06-13,nblackwell@gmail.com,,2024-06-03
M00170,Michael Arnold,1993-08-30,O,North,HMO,2021-12-03,kdunn@gmail.com,0.0,2024-05-06
M00171,Paul Thomas,2005-04-09,F,Metro,Medicaid,2022-10-29,ronaldcortez@hawkins.com,0.0,2024-05-07
M00172,Catherine Rogers,1992-03-07,F,North,EPO,2020-11-08,lortiz@yahoo.com,0.0,2024-06-07
M00173,Andrew Walls,1997-02-15,O,East,EPO,2020-09-13,jonathan24@hotmail.com,0.0,2024-05-05
M00174,Natalie Norman,1995-12-16,O,East,Medicare,2022-01-10,reginarodriguez@benjamin-olson.com,1.0,2024-06-07
M00175,Kirk Williamson,1988-04-28,F,South,HMO,2018-05-20,jwalker@yahoo.com,1.0,2024-05-21
M00176,Tammy Kim,2002-04-13,M,East,POS,2023-01-16,pattonjeanne@hotmail.com,1.0,2024-05-16
M00177,Denise Gonzales,1983-03-25,M,West,PPO,2021-06-22,blakejames@yahoo.com,1.0,2024-05-08
M00178,Nicholas Mitchell,2011-04-21,F,West,POS,2018-05-02,wendy59@moore.com,1.0,2024-05-25
M00179,Jason Nelson,1974-06-08,M,South,EPO,2021-06-01,klopez@romero.com,1.0,2024-05-15
M00180,Thomas Salas,1996-11-05,M,South,HMO,2017-12-18,ofoster@yahoo.com,1.0,2024-05-31
M00181,Samuel Whitaker,1980-11-05,O,East,Medicaid,2021-06-11,roachbenjamin@gmail.com,0.0,2024-05-25
M00182,Matthew Callahan,2001-10-10,F,West,POS,2022-11-08,codybaker@hotmail.com,0.0,2024-05-04
M00183,Pamela Bartlett,1999-07-10,O,Metro,HMO,2019-10-06,btorres@yahoo.com,1.0,2024-05-29
M00184,Matthew Hurst,1980-03-20,M,East,HMO,2018-01-19,spearsdavid@gmail.com,1.0,2024-05-25
M00185,Becky Fernandez,1992-03-13,O,North,POS,2016-09-12,jcruz@yahoo.com,1.0,2024-06-04
M00186,Charles Rivera,1970-10-18,O,Central,PPO,2020-06-06,msandoval@jones.com,0.0,2024-05-19
M00187,Monica Miller,2004-06-01,M,South,HMO,2016-05-30,qalexander@williams-horton.com,1.0,2024-05-04
M00188,Alan Banks,1972-09-27,M,South,PPO,2023-01-30,jordandawn@hotmail.com,1.0,2024-05-18
M00189,Steven Dodson,1994-05-21,O,West,HMO,2019-04-23,pamela54@hotmail.com,1.0,2024-05-13
M00190,Lauren Allen,1969-12-07,O,Central,POS,2019-10-20,catherine30@rosales.com,0.0,2024-06-04
M00191,Kristen Walker,1989-05-30,O,Metro,PPO,2021-03-14,bgeorge@smith.com,1.0,2024-05-28
M00192,Mr. Timothy Simon,1970-07-25,F,East,Medicare,2018-03-06,joneselizabeth@yahoo.com,1.0,2024-05-21
M00193,Julian Hill,2013-02-17,F,West,Medicare,2019-06-30,josejones@rodriguez-walters.com,0.0,2024-05-07
M00194,Wendy Moore,1983-08-25,F,North,EPO,2023-08-08,tlevy@armstrong.net,1.0,2024-05-27
M00195,Chelsea Baker,1982-02-14,F,East,PPO,2016-08-22,alexandra45@cuevas.biz,0.0,2024-06-10
M00196,Judy Edwards,1983-03-12,M,South,PPO,2021-02-24,vtorres@yahoo.com,1.0,2024-06-03
M00197,Lisa Rodriguez,2010-08-19,M,West,HMO,2022-06-05,nataliesmith@gmail.com,0.0,2024-06-03
M00198,Robert Davis,1983-07-08,F,West,HMO,2019-08-17,,0.0,2024-05-25
M00199,Vanessa Harris,1990-10-17,O,West,EPO,2021-11-19,fmcknight@gmail.com,1.0,2024-05-17
M00200,Jimmy Hart,1995-03-27,M,West,POS,2017-01-18,adamwilliams@hotmail.com,0.0,2024-05-14
M00201,Chad Love,1986-01-20,M,Central,Medicaid,2020-07-12,johncrawford@yahoo.com,1.0,2024-05-21
M00202,Andrea Rose,2008-04-14,O,Central,PPO,2016-10-09,gabrielle91@garrett-smith.org,1.0,2024-05-07
M00203,Matthew White,2007-06-09,F,South,Medicaid,2018-07-27,mweber@gmail.com,1.0,2024-06-06
M00204,Colleen Padilla,1988-01-29,M,South,EPO,2017-05-12,iharris@gmail.com,1.0,2024-05-21
M00205,Benjamin Pearson,2015-12-04,M,Central,POS,2023-06-24,smithmark@wilson.com,1.0,2024-05-23
M00206,David Soto,1988-04-15,O,Central,Medicare,2023-03-27,leejohn@horne-diaz.com,1.0,2024-05-16
M00207,Trevor Delgado,2000-05-22,O,Metro,Medicaid,2017-04-09,tiffany85@washington.com,1.0,2024-05-17
M00208,Gavin Williams,1974-06-23,M,West,EPO,2018-03-14,scottjuan@hotmail.com,1.0,2024-05-23
M00209,Suzanne Hodge,1979-01-23,F,West,Medicaid,2016-05-21,stephenoconnor@smith.com,0.0,2024-05-07
M00210,Melanie Schultz,1973-05-14,F,West,PPO,2022-03-24,williamswilliam@thompson.com,1.0,2024-05-28
M00211,Tammy Durham,2007-01-27,F,Central,POS,2016-08-20,kellyhoffman@hotmail.com,1.0,2024-05-01
M00212,Madeline Norris,1988-08-12,O,South,EPO,2017-10-13,desiree95@yahoo.com,1.0,2024-05-27
M00213,Shari Perry,2013-06-07,M,Central,PPO,2018-08-23,krogers@savage-reynolds.com,1.0,2024-05-30
M00214,Todd Duarte,2001-06-21,O,South,Medicare,2023-11-25,milleralexis@yahoo.com,1.0,2024-06-10
M00215,Ronald Brooks,1970-05-24,O,East,HMO,2017-06-19,bethhampton@perry.com,0.0,2024-05-28
M00216,Justin Haynes,1983-07-22,M,East,Medicaid,2017-07-26,christy67@gmail.com,1.0,2024-05-13
M00217,Ashley Griffin,2008-04-12,F,North,EPO,2017-05-12,scottbarrett@yahoo.com,0.0,2024-06-04
M00218,Brittany Cortez,1992-10-21,M,North,HMO,2018-04-03,durhamchristine@moore-white.com,0.0,2024-05-08
M00219,Christina Walker,1986-02-01,F,South,PPO,2023-07-07,sandrairwin@allen.com,0.0,2024-06-02
M00220,Veronica Humphrey,1993-02-08,O,South,PPO,2024-01-21,trevor54@yahoo.com,1.0,2024-05-28
M00221,Hannah Hopkins,1996-06-05,F,Central,Medicaid,2016-11-15,brianarichardson@gmail.com,0.0,2024-05-12
M00222,Laura Vasquez,1972-12-22,F,Central,Medicaid,2016-09-08,megan49@sosa.biz,1.0,2024-05-11
M00223,Mrs. Lisa Hughes DDS,1985-03-06,M,West,POS,2019-08-20,patriciaburton@aguilar.info,0.0,2024-06-01
M00224,Andrea Smith,1986-03-12,M,Central,Medicaid,2022-08-25,tracy89@yahoo.com,0.0,2024-05-03
M00225,Keith Peterson,1984-10-24,O,East,EPO,2019-04-25,andrew52@jones-bush.com,1.0,2024-05-30
M00226,James Johnson,2010-11-28,O,West,Medicare,2016-01-23,browningmichael@castillo.net,1.0,2024-05-19
M00227,Devin Porter,1993-02-05,F,Central,EPO,2023-02-27,marc07@shaw-walker.info,0.0,2024-05-05
M00228,Cynthia Lopez,1972-01-11,F,East,Medicare,2018-06-12,brianjohnson@roberts.net,1.0,2024-06-07
M00229,John Benjamin,1989-09-19,M,Central,PPO,2019-02-16,peggy15@yahoo.com,,2024-05-17
M00230,Shawn Nunez,2014-12-24,O,West,EPO,2019-10-28,deborah19@owens.com,1.0,2024-06-08
M00231,Kayla Robertson,1996-09-10,M,West,PPO,2023-02-12,john50@allen.biz,1.0,2024-05-07
M00232,Jason Blair,2006-06-28,F,West,Medicaid,2018-08-11,vstewart@hotmail.com,1.0,2024-05-03
M00233,Tyler Harding,1976-04-25,O,North,PPO,2016-09-28,gabriellasanchez@meyers.com,1.0,2024-06-03
M00234,Haley Anderson,1996-11-15,F,South,POS,2016-12-17,harringtondiana@gmail.com,1.0,2024-05-09
M00235,Bryan Johnson,1997-07-29,F,West,HMO,2017-08-25,qbennett@gmail.com,1.0,2024-05-03
M00236,Keith Barrett,2011-07-29,F,South,PPO,2016-09-02,fjones@gmail.com,0.0,2024-06-08
M00237,Mr. Brent Solis MD,2004-01-26,F,Metro,EPO,2023-11-24,lorimills@yahoo.com,1.0,2024-05-08
M00238,Kristine Fleming,1989-04-11,M,Central,POS,2021-07-14,burgessrobert@howell.com,1.0,2024-05-07
M00239,Monica Garcia,1971-10-07,M,North,POS,2021-02-17,christopherestrada@hotmail.com,1.0,2024-05-24
M00240,Chad Gonzales,2010-04-28,M,North,Medicare,2022-07-21,rjones@nguyen.info,0.0,2024-05-14
M00241,Elizabeth Hicks,1994-05-08,M,West,POS,2023-10-07,harveyedward@yahoo.com,0.0,2024-05-08
M00242,Mark Davis,1996-07-07,O,South,POS,2019-05-01,ffields@hotmail.com,0.0,2024-06-09
M00243,Randall Waller,2001-08-08,F,West,PPO,2024-03-13,zamorachase@graham.com,0.0,2024-05-07
M00244,Ashley Phillips,1995-06-06,F,West,POS,2016-10-10,julie92@hotmail.com,,2024-05-05
M00245,Andrew Pope,1998-01-28,F,East,Medicaid,2018-01-14,vhuber@hutchinson.org,0.0,2024-06-04
M00246,Ann Harris,1987-02-27,O,East,HMO,2016-04-25,hernandezcarla@andrews.biz,1.0,2024-05-01
M00247,Caitlin Lynch,1997-05-03,O,East,PPO,2023-11-16,paulstark@bowen-hansen.info,0.0,2024-06-05
M00248,Angela Walker,1984-10-16,F,Metro,Medicare,2020-06-12,anthonybennett@johnson.info,0.0,2024-05-23
M00249,Frank Harris,1992-10-15,O,North,HMO,2019-12-18,tanner58@hotmail.com,1.0,2024-06-10
M00250,Brian Mcgrath,2002-08-08,O,Metro,Medicare,2023-09-23,nathaniel23@pope-snyder.com,1.0,2024-05-20
M00251,Jennifer Prince,1980-07-03,M,North,Medicaid,2021-04-25,mwillis@carey.org,0.0,2024-05-13
M00252,Melissa Cohen,2004-04-09,F,South,PPO,2016-12-10,johnstonalexander@williams.net,0.0,2024-05-24
M00253,Rose Torres,1983-03-02,O,Metro,PPO,2016-05-16,ashleylopez@jackson.org,0.0,2024-05-10
M00254,Dennis Jones,2013-10-24,O,Metro,Medicare,2018-12-21,xrowe@allen.com,1.0,2024-05-15
M00255,Kelly Burgess,1975-04-04,F,Central,Medicaid,2019-10-12,robinsonerik@hotmail.com,1.0,2024-05-29
M00256,Brian Salas,2001-01-30,O,West,HMO,2020-02-07,ericschmidt@wilson.com,0.0,2024-05-20
M00257,Melissa David,1993-04-19,O,South,Medicare,2020-04-07,garystevenson@gmail.com,0.0,2024-05-07
M00258,Julia Smith,1997-09-04,M,West,Medicaid,2023-04-28,carlos81@adams.com,1.0,2024-06-03
M00259,Christopher Johnson,2000-11-04,M,Central,Medicaid,2020-01-21,ucook@mack.com,1.0,2024-05-05
M00260,Collin Chambers,2016-01-02,F,South,EPO,2019-05-24,hayley41@lester.com,1.0,2024-05-03
M00261,Laura Delgado,2004-08-31,M,East,Medicaid,2017-08-25,lerickson@white-hansen.info,0.0,2024-05-20
M00262,Timothy Reyes,1998-04-26,F,Central,HMO,2016-08-29,seannavarro@yahoo.com,0.0,2024-06-07
M00263,Kevin Villarreal,2008-05-25,O,West,POS,2018-06-07,charles99@yahoo.com,0.0,2024-05-12
M00264,Lisa Anderson,1988-09-07,M,East,POS,2020-03-13,kbaker@day-thomas.com,1.0,2024-05-26
M00265,William Brown,1988-12-12,M,Central,PPO,2016-05-21,amandathompson@lowery.biz,0.0,2024-06-02
M00266,Mary Perez,2001-08-31,O,East,PPO,2021-10-15,stephensdaniel@rogers.info,1.0,2024-05-08
M00267,Kayla Smith,1975-06-25,F,West,POS,2017-05-01,steelealex@davis.com,0.0,2024-05-22
M00268,Janice Lloyd,2004-09-03,F,Central,EPO,2019-07-07,rbowen@gmail.com,0.0,2024-06-07
M00269,Brian Garcia,2004-04-10,O,Central,POS,2021-11-03,bmcbride@young-hill.biz,1.0,2024-05-18
M00270,Laurie Lawrence,1975-04-15,O,East,POS,2021-09-18,haleyespinoza@williams-knight.com,1.0,2024-05-27
M00271,James Koch,1997-07-11,M,West,Medicaid,2017-06-01,gsims@hotmail.com,0.0,2024-05-21
M00272,Craig Riley,2000-04-30,M,Metro,HMO,2018-08-17,usmith@hotmail.com,0.0,2024-05-16
M00273,James Walter,1974-12-16,M,Metro,HMO,2023-07-23,qward@yahoo.com,0.0,2024-05-01
M00274,Daniel Wagner,2008-02-13,O,Central,EPO,2023-04-19,elizabeth46@schaefer-parker.org,1.0,2024-06-10
M00275,Andre Beasley,1984-02-20,M,South,POS,2019-10-11,nsampson@ballard.com,1.0,2024-05-09
M00276,Jaime Smith,1980-10-10,F,Metro,PPO,2023-03-11,desireefigueroa@robinson-thompson.net,0.0,2024-05-17
M00277,Melissa Morgan,1994-12-10,M,Central,Medicare,2017-06-02,psanchez@yahoo.com,1.0,2024-05-02
M00278,Tony Maldonado,2015-04-29,F,West,Medicare,2019-06-14,denise87@brown-espinoza.com,0.0,2024-05-11
M00279,George Garcia,1972-11-04,M,Central,HMO,2021-09-12,kellytorres@yahoo.com,0.0,2024-05-29
M00280,Deborah Clark,2014-06-03,F,South,Medicare,2016-06-25,danielkennedy@gmail.com,1.0,2024-05-27
M00281,Alexis Thomas DVM,1980-04-05,M,East,HMO,2017-12-23,benjaminkennedy@simmons-huynh.info,0.0,2024-06-06
M00282,Benjamin Bush,2014-12-18,M,Metro,PPO,2021-11-23,mkrueger@taylor-myers.com,1.0,2024-05-31
M00283,Katherine Ferguson,2010-11-12,M,East,EPO,2021-10-06,susanwheeler@yahoo.com,0.0,2024-06-01
M00284,Jessica Spencer,2002-05-02,F,East,POS,2019-04-02,austin23@yahoo.com,1.0,2024-06-04
M00285,Karen Hayes,2006-04-13,O,West,Medicaid,2016-02-08,sbaker@aguilar.com,0.0,2024-05-28
M00286,Kristen Murphy,2009-07-13,O,Central,PPO,2016-07-18,corey33@rivas.net,1.0,2024-06-04
M00287,Wesley Carr,1976-08-20,O,West,EPO,2022-11-05,nicholesmith@gmail.com,1.0,2024-05-12
M00288,John Brown,1998-05-04,F,Metro,EPO,2023-03-08,robert93@brown-sims.info,0.0,2024-05-15
M00289,Hannah Johnson,1989-05-14,F,Central,PPO,2018-09-03,bakerkaren@jacobs.org,1.0,2024-05-05
M00290,Nicholas Walsh,1993-10-28,O,Central,Medicare,2016-03-08,andrew71@sullivan.com,0.0,2024-05-13
M00291,Leslie Lynch,2001-02-02,F,West,PPO,2018-11-23,wfrank@gmail.com,0.0,2024-05-29
M00292,Aimee Conway,2011-11-16,M,Metro,PPO,2019-11-22,osborngloria@yahoo.com,1.0,2024-05-20
M00293,Zachary Montgomery,2004-01-29,F,Central,Medicaid,2018-02-20,eho@greer.info,0.0,2024-06-04
M00294,John Francis,1998-08-26,M,Metro,Medicare,2018-09-16,melissa12@yahoo.com,1.0,2024-05-30
M00295,Jacob Martinez,1973-04-05,O,East,PPO,2018-11-22,slynn@gmail.com,0.0,2024-06-06
M00296,Dustin Romero,1978-01-07,M,South,HMO,2019-09-19,udelgado@gmail.com,1.0,2024-05-23
M00297,Frances Hall,1972-03-05,F,North,EPO,2021-10-13,robertsthomas@gmail.com,0.0,2024-05-02
M00298,Ashley Ward,1979-04-26,M,North,POS,2020-08-16,annawalsh@hale.com,0.0,2024-06-03
M00299,Richard Hines,2012-07-26,F,West,EPO,2016-01-26,fclark@gmail.com,0.0,2024-05-29
M00300,Nancy Simmons,1971-10-07,O,North,PPO,2022-02-02,oliverseth@bennett.biz,1.0,2024-05-10
M00301,Bernard Johnson,1987-08-12,O,Central,HMO,2020-09-03,dennishenry@parker.biz,0.0,2024-06-01
M00302,Lisa Hobbs,1980-07-24,M,East,EPO,2022-07-23,johndouglas@yahoo.com,,2024-05-07
M00303,Jordan Pena,1981-07-21,M,South,HMO,2017-11-29,cmartin@diaz.com,1.0,2024-06-07
M00304,Sonia Phillips,1998-01-17,O,South,Medicare,2020-04-14,broberts@reyes.info,1.0,2024-05-13
M00305,Dan Wilson,1990-10-21,O,South,EPO,2020-06-11,lindsey05@mccarty.info,1.0,2024-05-06
M00306,Stephanie Nunez,1983-09-06,M,Metro,EPO,2022-02-14,hskinner@yahoo.com,0.0,2024-05-25
M00307,George Wilkinson,1990-05-19,M,South,POS,2019-04-09,lauramatthews@bird.com,1.0,2024-05-23
M00308,Crystal Wright,2010-10-22,O,South,EPO,2023-10-16,jenna02@yahoo.com,0.0,2024-05-27
M00309,Joyce Marshall,2006-12-11,O,South,HMO,2023-08-21,tracy31@bennett.org,1.0,2024-05-29
M00310,Tyler Jones,1996-10-07,O,North,POS,2021-05-23,rachelholmes@yahoo.com,0.0,2024-05-24
M00311,Carol Monroe,2001-01-17,M,East,PPO,2018-10-18,bryan73@thomas.com,0.0,2024-06-07
M00312,April Lopez,1990-11-25,F,South,Medicaid,2018-06-07,kelly50@walker-webb.com,1.0,2024-05-16
M00313,Joseph Hayes,1997-05-30,M,West,EPO,2022-05-28,zachary83@johnson-sullivan.org,0.0,2024-05-06
M00314,Dawn Mora,1976-06-09,M,South,Medicare,2022-12-27,johndominguez@yahoo.com,0.0,2024-05-27
M00315,Shaun Barron,1973-09-03,M,Central,PPO,2022-02-11,arthur02@yahoo.com,0.0,2024-05-12
M00316,Breanna Martin,2005-07-31,F,East,HMO,2019-02-19,charles50@gmail.com,0.0,2024-05-19
M00317,Victoria Clark,1996-08-01,M,South,PPO,2018-06-14,handrews@barry.com,0.0,2024-05-30
M00318,Joshua Buck,1980-09-15,F,North,POS,2021-05-24,amanda13@hotmail.com,1.0,2024-05-23
M00319,John Green,1995-04-15,M,North,POS,2019-05-12,clarkharry@gmail.com,1.0,2024-05-27
M00320,Joshua Gutierrez,1981-07-10,M,South,Medicaid,2017-08-07,yknox@gmail.com,1.0,2024-06-05
M00321,Denise Scott,2007-11-16,M,South,PPO,2020-07-18,nathaniel03@rhodes.org,0.0,2024-05-15
M00322,Tamara Perez,2000-11-01,F,North,POS,2021-09-27,bthomas@ramos.org,0.0,2024-06-05
M00323,Mary Clark,1986-09-18,M,West,POS,2021-01-20,vrobinson@yahoo.com,1.0,2024-05-28
M00324,Caleb Mcdowell,2008-02-17,M,Central,Medicaid,2022-01-13,scollins@randall.org,1.0,2024-05-10
M00325,John Pennington,2006-10-17,F,Central,EPO,2024-03-02,patricia47@hotmail.com,,2024-05-26
M00326,Connie Smith,1977-01-03,O,West,POS,2023-04-05,cameron39@munoz-chambers.com,,2024-05-17
M00327,Michele Chavez,1984-03-13,O,South,PPO,2018-05-06,allenjackie@hansen-wright.com,0.0,2024-05-22
M00328,Annette Chang,2010-02-27,F,West,Medicaid,2018-02-26,rodriguezjames@gmail.com,1.0,2024-05-10
M00329,Brian Mclean,2006-03-26,O,East,HMO,2018-01-29,christopher64@hotmail.com,1.0,2024-05-18
M00330,Courtney Hayes,1980-04-02,O,South,HMO,2021-07-08,andrew65@gmail.com,1.0,2024-06-07
M00331,Daniel Mitchell,1996-07-28,O,South,Medicare,2017-04-24,thomasgregory@hotmail.com,0.0,2024-05-28
M00332,Robert Richard,2001-05-09,M,West,HMO,2023-05-12,morganthomas@hotmail.com,0.0,2024-05-02
M00333,Adam Alvarez,1975-10-25,O,Central,Medicare,2021-01-03,warrencharles@hotmail.com,1.0,2024-05-14
M00334,Adam Bowers,2007-09-27,M,Central,PPO,2019-01-05,mark99@underwood.org,1.0,2024-05-14
M00335,Patricia Clark MD,2004-08-01,O,East,PPO,2021-07-23,rebeccabenitez@yahoo.com,0.0,2024-05-21
M00336,Matthew Sullivan,2005-09-21,O,North,Medicare,2018-12-17,carriemiller@hayes.info,1.0,2024-05-01
M00337,Margaret Juarez,2004-10-11,O,Metro,Medicare,2022-04-16,ocosta@monroe.com,0.0,2024-05-06
M00338,Hannah Duncan,1985-07-05,O,East,Medicare,2021-03-27,stronglauren@brown.biz,1.0,2024-05-27
M00339,Michael Ward,1976-06-11,F,Central,Medicare,2023-10-24,michaelgutierrez@smith.com,1.0,2024-05-28
M00340,Christina Campbell,1993-06-26,O,West,HMO,2017-02-13,lorihansen@gmail.com,0.0,2024-05-01
M00341,Melissa Bradley,2002-11-17,F,West,Medicare,2021-01-15,shawnleblanc@hotmail.com,0.0,2024-05-17
M00342,Steven Burke,2010-11-14,F,Central,Medicaid,2017-11-13,susannielsen@hotmail.com,1.0,2024-05-21
M00343,Lance Williams,1992-04-17,F,East,Medicaid,2018-06-02,wknox@hotmail.com,1.0,2024-05-15
M00344,Daniel Bray,2003-07-06,F,North,EPO,2019-04-21,brian44@yahoo.com,0.0,2024-06-02
M00345,Taylor Black,1995-02-05,O,North,Medicare,2018-07-17,kevin24@yahoo.com,1.0,2024-06-06
M00346,Kevin Miller,1979-06-05,M,East,Medicaid,2019-03-11,ibradley@jones-morales.com,1.0,2024-05-17
M00347,Andrew Wolf,2012-06-20,M,Central,PPO,2021-10-19,baileynatasha@higgins-ball.net,1.0,2024-05-23
M00348,Andre Green,1994-03-14,M,South,EPO,2021-09-25,brianfry@mcgee.com,0.0,2024-05-24
M00349,Krista Walker,1981-02-08,M,Metro,HMO,2018-07-08,bailey06@clark.com,1.0,2024-05-15
M00350,Michelle Wilson,2004-08-08,F,Metro,Medicaid,2019-08-04,ppennington@yahoo.com,0.0,2024-06-09
M00351,Robert Roberts,1977-03-18,O,West,Medicare,2020-01-25,mcarpenter@gmail.com,1.0,2024-05-23
M00352,Becky Mathews,1976-01-16,F,Central,PPO,2023-04-01,jessica46@hotmail.com,1.0,2024-06-09
M00353,Garrett Nguyen,1974-11-01,M,South,HMO,2017-09-30,brandongross@griffin.biz,1.0,2024-05-16
M00354,Christopher Garcia Jr.,1980-05-11,M,Metro,HMO,2020-10-23,evanscrystal@young.net,0.0,2024-05-19
M00355,Janice Graves,1987-02-24,F,West,EPO,2019-07-09,collinscrystal@davis-contreras.com,1.0,2024-05-09
M00356,Gary Hicks,2003-07-10,O,West,Medicare,2018-03-21,wrivera@mejia.com,0.0,2024-05-11
M00357,Ronald Cole,1993-05-15,F,West,Medicare,2019-09-27,ycohen@hotmail.com,1.0,2024-06-06
M00358,David Peterson,2004-12-10,O,West,Medicaid,2016-02-12,joseph22@gmail.com,0.0,2024-05-11
M00359,Peter Hunt,1975-12-20,M,North,EPO,2018-02-07,nicole88@clark.org,0.0,2024-05-25
M00360,Michelle Munoz,1984-09-15,O,Central,HMO,2016-10-27,mleach@hotmail.com,1.0,2024-06-07
M00361,Robert Thompson,1990-07-10,M,East,POS,2016-04-09,jessica62@moore.com,0.0,2024-05-19
M00362,Susan Moore,1996-04-19,M,Central,PPO,2022-08-21,hannahalvarez@yahoo.com,1.0,2024-05-26
M00363,Christina Thomas,1970-08-11,M,West,EPO,2023-11-12,pleblanc@yahoo.com,1.0,2024-05-14
M00364,Emily Griffin,1994-12-16,M,South,PPO,2023-08-11,donnaalexander@lawson.com,0.0,2024-05-16
M00365,Lisa Hoffman,1976-05-02,O,Metro,POS,2019-06-28,tmathis@gmail.com,0.0,2024-05-26
M00366,Belinda Davidson,2014-04-01,F,East,EPO,2021-02-10,john78@horn.org,0.0,2024-05-04
M00367,Lawrence Hart,1995-07-19,O,East,Medicare,2019-06-23,mfarley@palmer-ramos.com,0.0,2024-05-27
M00368,Jason Huerta,2001-12-31,F,Central,HMO,2018-06-01,debrawong@gmail.com,0.0,2024-05-18
M00369,Victor Kane,2004-06-28,O,Central,POS,2018-03-11,teresa56@hotmail.com,0.0,2024-05-19
M00370,Ryan Rodriguez,1989-09-20,O,Metro,POS,2023-01-23,angela47@hotmail.com,1.0,2024-05-02
M00371,Christina Clark,1973-08-04,O,East,PPO,2024-01-04,ywilliams@gonzalez-miller.net,0.0,2024-05-18
M00372,Shelia Hartman,2010-04-01,F,North,POS,2022-06-16,stephaniedavenport@martin.com,0.0,2024-05-03
M00373,Marissa Johnson,1991-07-23,O,West,PPO,2019-09-27,wphillips@gmail.com,0.0,2024-05-16
M00374,Emily English,1976-08-24,F,South,Medicare,2023-02-02,ronaldbeasley@hotmail.com,1.0,2024-05-17
M00375,Oscar Woods,1987-05-08,M,East,Medicaid,2016-02-24,pricecrystal@yahoo.com,0.0,2024-05-20
M00376,Jane Butler,1975-04-09,O,West,POS,2020-07-05,kennethhughes@good-wagner.net,1.0,2024-05-29
M00377,Valerie Parsons,2001-01-01,O,North,HMO,2020-03-12,joneskelly@yahoo.com,0.0,2024-05-20
M00378,Nicole Lloyd,2013-10-09,M,South,HMO,2021-10-13,kimberlymcclure@gmail.com,0.0,2024-05-28
M00379,Maureen Burke,1988-08-24,M,Central,EPO,2022-07-12,csanchez@gmail.com,1.0,2024-06-09
M00380,Thomas Meyer,1974-06-18,O,Metro,HMO,2019-12-30,sandrahall@sullivan.info,1.0,2024-06-06
M00381,Arthur Austin,2002-07-29,F,North,Medicaid,2018-11-10,fryeeric@yahoo.com,0.0,2024-05-21
M00382,Jamie Wolf,2000-07-01,F,West,Medicaid,2022-05-29,dwest@simpson.biz,0.0,2024-06-04
M00383,Miss Julie Jackson,1998-02-03,F,East,HMO,2017-12-16,vhampton@lewis-mullins.com,1.0,2024-05-30
M00384,Jessica Berger,1983-12-13,O,South,EPO,2020-05-15,murrayedward@villarreal.net,1.0,2024-05-07
M00385,Amanda Hall,2009-02-16,O,Metro,PPO,2019-10-08,dgomez@hotmail.com,0.0,2024-05-20
M00386,Nicholas Kramer,1994-04-27,O,South,Medicare,2020-07-15,amy65@gmail.com,0.0,2024-05-21
M00387,Stephanie Velasquez,1987-02-11,F,North,Medicare,2021-05-17,kennethmorales@rodriguez.net,1.0,2024-05-02
M00388,Jennifer Haas,2006-07-30,O,West,EPO,2018-09-15,monicafowler@hotmail.com,0.0,2024-06-09
M00389,Brittany Lee,1985-05-14,O,West,Medicaid,2023-10-19,combskevin@cruz-schwartz.info,1.0,2024-05-04
M00390,Amanda Richard,1985-02-26,O,North,EPO,2016-04-03,kgordon@barton.com,,2024-05-16
M00391,Heather Davis,1985-09-12,F,South,HMO,2019-10-15,ttorres@hotmail.com,1.0,2024-05-20
M00392,Denise Thompson,1985-01-21,F,Metro,POS,2016-10-13,cindy31@hotmail.com,1.0,2024-05-13
M00393,Jacob Montoya,2007-07-19,F,North,HMO,2021-11-15,wtran@graham.net,0.0,2024-05-29
M00394,Lisa Rogers,2001-05-05,O,West,Medicaid,2019-08-20,daniel39@hotmail.com,0.0,2024-05-12
M00395,Andrew Hodge,2004-03-26,O,North,Medicaid,2024-01-25,andrewritter@gmail.com,0.0,2024-05-23
M00396,Jonathan Erickson,2002-08-28,O,South,EPO,2020-04-02,christopher73@hotmail.com,0.0,2024-05-17
M00397,Christian Lewis,2010-02-08,M,West,PPO,2022-10-08,rodriguezamanda@clark.com,0.0,2024-05-02
M00398,Randall Wagner,2003-11-11,F,North,Medicare,2017-02-26,,1.0,2024-06-06
M00399,Shelley Hampton,2010-07-15,F,Metro,Medicare,2020-03-13,shelly16@gmail.com,0.0,2024-05-09
M00400,Ryan Russell,1997-03-19,M,Central,POS,2018-09-11,heidistanley@gallagher.com,1.0,2024-06-01
M00401,Jennifer Hatfield,2012-07-19,M,North,EPO,2020-10-13,lisabrady@yahoo.com,0.0,2024-05-15
M00402,Robert Stout,2013-12-19,M,Central,EPO,2019-08-22,mmartinez@randolph-keller.com,1.0,2024-05-30
M00403,Tara Ford,1969-09-26,F,Central,EPO,2016-01-12,pamsanchez@yahoo.com,0.0,2024-05-25
M00404,Mark Merritt,1975-01-08,F,Central,HMO,2022-01-15,tanya84@gmail.com,1.0,2024-05-29
M00405,Katherine Richardson,1977-12-09,M,Metro,POS,2022-07-21,zhumphrey@yahoo.com,1.0,2024-05-08
M00406,Monica Morse,1996-05-16,O,North,PPO,2023-04-06,btorres@hotmail.com,1.0,2024-05-17
M00407,Mark Raymond,1984-05-08,O,North,Medicaid,2016-06-10,lambertjustin@schultz.biz,0.0,2024-05-25
M00408,Justin Obrien,1973-02-14,F,Metro,PPO,2022-01-03,richardrodriguez@lopez.com,1.0,2024-05-06
M00409,Jennifer Contreras,2008-09-16,O,Metro,PPO,2017-12-30,yrojas@gmail.com,0.0,2024-05-02
M00410,Kenneth Nielsen,1992-02-29,M,Metro,Medicare,2016-01-12,sanchezdavid@weeks-murphy.biz,0.0,2024-05-12
M00411,Michael Pittman,1989-07-17,F,East,POS,2018-10-07,xwaters@hotmail.com,1.0,2024-05-17
M00412,Taylor Ramirez,1973-08-31,M,North,EPO,2020-05-26,hallchristopher@wagner.com,1.0,2024-05-15
M00413,Edward Juarez,1980-05-13,M,West,EPO,2021-02-09,dkennedy@gmail.com,0.0,2024-06-02
M00414,Terry Hill,2006-05-05,O,North,PPO,2020-02-01,alexandria83@gmail.com,1.0,2024-05-06
M00415,Matthew Mccormick,2015-06-23,F,South,EPO,2022-01-25,jacksonmercedes@gallagher-gray.com,0.0,2024-05-06
M00416,Megan Allen,1995-05-26,F,Central,Medicaid,2023-06-03,shellybradley@gmail.com,0.0,2024-05-08
M00417,Joan Chase,2002-05-25,M,East,EPO,2018-11-13,courtney57@hall-crawford.com,1.0,2024-05-19
M00418,Randy Benton,1988-02-18,F,South,Medicare,2022-12-02,sarahmartin@hall-smith.org,1.0,2024-05-27
M00419,Brian Garcia,1981-12-21,O,North,Medicaid,2019-01-19,johnramirez@hotmail.com,1.0,2024-06-05
M00420,Emily Atkinson,1991-02-07,F,West,Medicare,2021-02-15,daltonnicholas@gmail.com,0.0,2024-05-11
M00421,Austin Gardner,2001-06-09,F,Metro,PPO,2022-01-21,sharonchang@yahoo.com,0.0,2024-05-04
M00422,Renee Cooper,1972-06-17,F,Central,PPO,2019-08-09,johntownsend@wolfe.net,1.0,2024-05-09
M00423,Christina Gordon,2002-02-12,M,Central,Medicaid,2020-11-13,robertsonjoanne@hotmail.com,0.0,2024-06-02
M00424,Edward Dixon,1979-05-27,O,North,Medicare,2022-12-29,thomas57@harris-hernandez.biz,1.0,2024-05-25
M00425,Dylan Miller,1982-11-03,M,South,HMO,2019-07-12,omorris@rowe.com,0.0,2024-05-03
M00426,Carla Doyle,1997-01-09,M,East,Medicare,2022-12-12,elaine44@yahoo.com,1.0,2024-05-23
M00427,Zachary Gray,2007-11-02,O,West,EPO,2024-03-03,richard10@moore.com,0.0,2024-05-16
M00428,Margaret Duncan,1969-10-28,O,Central,POS,2023-12-06,richard32@hotmail.com,1.0,2024-05-17
M00429,John Edwards,2004-04-15,O,Metro,Medicare,2017-08-09,johnhickman@mays-mendoza.biz,0.0,2024-06-04
M00430,Beth Howard,1984-03-15,M,Central,POS,2021-07-13,tparker@sanchez.com,1.0,2024-06-07
M00431,Joshua Le,1988-02-20,F,South,POS,2021-08-02,phillipsanthony@neal.org,0.0,2024-05-22
M00432,Benjamin Arnold,1979-09-30,O,Central,Medicare,2019-09-19,bryanmichael@jones.biz,0.0,2024-06-05
M00433,Kyle Ortiz,2004-07-14,F,West,EPO,2016-10-10,stevenssarah@yahoo.com,0.0,2024-05-24
M00434,Tina Charles,1976-04-27,O,East,POS,2021-06-11,nphillips@turner-sanchez.net,1.0,2024-05-07
M00435,Maria Reyes,1986-11-29,M,Central,HMO,2022-01-01,tracy55@gmail.com,0.0,2024-05-10
M00436,Samantha Gross,1994-02-16,O,Central,Medicare,2022-09-16,roberthorn@adams-nguyen.com,1.0,2024-05-23
M00437,Nicole Mcknight,1979-10-28,O,North,Medicaid,2021-08-07,soniawarren@hotmail.com,0.0,2024-06-02
M00438,Thomas Acevedo,1980-06-28,M,East,Medicaid,2023-08-02,tuckermitchell@yahoo.com,1.0,2024-05-25
M00439,Christy Gill,2009-07-24,O,South,POS,2023-02-27,collierjacqueline@alvarez.org,0.0,2024-05-08
M00440,David Kennedy,1974-06-07,O,Metro,Medicaid,2017-02-12,gonzalezshaun@cherry.biz,0.0,2024-05-30
M00441,Melinda Hess,1976-09-15,O,South,POS,2019-11-11,christinacarter@hotmail.com,1.0,2024-05-23
M00442,Brian Steele,2007-04-30,M,Central,Medicaid,2018-11-16,lynnsavage@park-perkins.com,1.0,2024-05-09
M00443,Maria Schneider,2003-01-13,F,Central,Medicare,2020-04-25,christophercochran@ware.net,1.0,2024-06-01
M00444,Timothy Hamilton,1977-11-07,F,South,POS,2017-02-01,murphycharles@bennett-johnson.com,0.0,2024-06-02
M00445,Jessica Burton,2011-10-26,O,East,PPO,2017-08-28,williamstiffany@yahoo.com,1.0,2024-05-16
M00446,Christopher Williams,2016-01-20,O,West,Medicaid,2016-08-07,beth33@wright.info,1.0,2024-05-05
M00447,Derek Case,1980-06-18,O,Central,HMO,2021-02-26,stevensullivan@smith.com,0.0,2024-05-02
M00448,Kimberly Weber,1973-08-06,M,West,Medicaid,2022-07-13,,0.0,2024-05-03
M00449,Robert Marshall DDS,1997-01-04,M,West,POS,2020-08-09,matthew40@walker.biz,1.0,2024-05-02
M00450,David Cole,1985-01-12,M,South,HMO,2017-05-20,jstanley@bailey.com,1.0,2024-05-03
M00451,Carrie Butler,1997-11-11,O,Central,Medicaid,2020-01-15,tcooke@yahoo.com,0.0,2024-05-29
M00452,Craig Rivas,2006-04-01,O,North,PPO,2022-01-20,alisonsanchez@morgan-morris.org,0.0,2024-05-25
M00453,James Roberts,2014-03-06,O,East,PPO,2019-11-18,jameskatherine@warren.org,1.0,2024-05-27
M00454,Michele Jackson,1980-06-23,M,East,PPO,2023-03-03,zhuffman@reed-fisher.info,0.0,2024-05-23
M00455,Brittany Fields,2002-06-13,F,East,POS,2018-06-25,thomasstephanie@brooks-robinson.com,0.0,2024-05-20
M00456,Amanda Jones,2015-10-17,M,North,Medicaid,2019-12-09,suzanne43@case.org,0.0,2024-05-20
M00457,Eileen Warren,2012-08-28,O,West,POS,2020-06-11,emily69@yahoo.com,1.0,2024-05-02
M00458,Daniel Phillips,1996-11-21,O,Metro,PPO,2017-04-08,lynn26@hotmail.com,1.0,2024-05-04
M00459,Christopher Walls,2011-11-17,F,Central,EPO,2022-09-04,fhobbs@gmail.com,0.0,2024-05-31
M00460,Alvin Smith,1988-01-18,M,West,Medicare,2022-11-22,karenreyes@hotmail.com,1.0,2024-06-04
M00461,Katherine Dunn,1986-05-26,M,North,Medicaid,2022-09-12,angela49@gmail.com,1.0,2024-05-19
M00462,Stephen Jackson,2015-08-27,O,South,HMO,2021-02-14,wmooney@thomas.com,0.0,2024-05-13
M00463,Natasha Reid,2010-03-05,F,South,HMO,2022-04-12,amanda08@lowe.com,1.0,2024-05-12
M00464,Lisa Lam,2003-10-05,F,North,HMO,2017-07-08,xwagner@gmail.com,1.0,2024-05-29
M00465,Lori Perry,1992-12-15,F,South,HMO,2022-02-26,cynthiathompson@gmail.com,0.0,2024-05-20
M00466,Jeffrey Rojas,1995-07-03,M,South,Medicare,2017-06-01,scott78@yahoo.com,1.0,2024-06-09
M00467,Joshua Richmond,1983-02-04,F,East,Medicaid,2018-10-15,kyle32@callahan-lynch.com,1.0,2024-05-11
M00468,Amy Dickerson,1971-04-08,O,South,POS,2019-03-27,thomasderrick@king.com,1.0,2024-06-08
M00469,Melissa Cook,2002-06-02,F,West,HMO,2020-11-28,morenocarol@smith.com,1.0,2024-05-17
M00470,Elizabeth House,1997-11-27,O,West,PPO,2021-01-12,zjohnson@gmail.com,0.0,2024-05-16
M00471,Patrick Guerra,2013-01-16,M,Metro,EPO,2021-04-23,ramosmark@gmail.com,0.0,2024-05-12
M00472,Brittany Dougherty,2008-06-23,F,Central,POS,2023-06-30,orodriguez@garcia-wolfe.com,0.0,2024-06-07
M00473,Kimberly Romero,2005-03-14,F,South,HMO,2023-05-06,melissa63@yahoo.com,0.0,2024-05-20
M00474,Ashley Bell,1986-01-15,F,West,EPO,2019-03-10,trevinoariel@martinez.com,1.0,2024-05-17
M00475,Sydney White,1989-06-14,O,North,Medicaid,2017-10-12,gharris@williams.com,0.0,2024-05-27
M00476,Andrew Griffin,1994-06-21,O,East,HMO,2018-10-22,april93@hotmail.com,1.0,2024-05-25
M00477,Michael Pope,1980-07-18,O,East,HMO,2020-08-10,grahamjasmine@smith.com,0.0,2024-05-17
M00478,Angela Weaver,2008-06-10,F,West,Medicare,2017-11-14,nicholas15@smith.info,0.0,2024-05-28
M00479,Jacob Simmons,1995-03-15,M,Metro,HMO,2019-04-15,michellekirby@clark.net,0.0,2024-05-01
M00480,Elizabeth Woodard,2010-11-06,O,West,POS,2020-03-19,christopherreed@schmidt-moran.info,1.0,2024-06-10
M00481,Amanda Martin,1975-06-23,O,East,HMO,2017-02-06,hannahvazquez@hotmail.com,1.0,2024-05-08
M00482,Anthony Thompson,1987-11-16,M,South,HMO,2017-10-23,joseph45@gmail.com,0.0,2024-05-08
M00483,Charles Ortega,2008-06-05,F,South,HMO,2018-02-26,kelly92@fox.net,0.0,2024-05-19
M00484,Kevin Boyd,1975-12-23,O,West,Medicare,2019-06-02,hansenpaul@hotmail.com,1.0,2024-05-25
M00485,Christopher Villa,1988-08-13,O,East,Medicare,2017-12-01,brianmiller@reid.info,1.0,2024-05-30
M00486,Danielle Brown,2001-11-28,F,South,PPO,2016-07-26,jennifer28@clayton-james.org,0.0,2024-06-02
M00487,Christopher Salazar,1989-11-16,F,East,Medicaid,2017-08-12,raymondstanley@donaldson.org,0.0,2024-05-19
M00488,Troy Carter,2012-08-15,O,West,EPO,2017-08-25,sierraharding@yahoo.com,0.0,2024-06-06
M00489,Michael Miller,2015-02-11,O,South,Medicaid,2022-08-27,danielle29@gonzalez-ward.net,0.0,2024-05-22
M00490,Michael Gonzalez Jr.,1981-10-09,M,Metro,POS,2021-04-19,bradleyhuber@hotmail.com,0.0,2024-05-24
M00491,Andres Harvey,2004-09-10,F,East,EPO,2020-02-29,hwilliams@jones.org,0.0,2024-05-08
M00492,George Lee,1997-07-26,M,South,POS,2018-05-05,marymcdowell@austin.net,,2024-05-12
M00493,Robert Andersen,1988-08-15,O,West,HMO,2016-06-14,jmiller@hotmail.com,1.0,2024-06-04
M00494,Jamie Gutierrez,1999-12-01,F,Metro,POS,2016-07-03,shannongriffith@hudson-jones.com,0.0,2024-05-02
M00495,Kimberly Gonzalez,1981-11-21,F,North,HMO,2023-06-21,melendezmaria@yahoo.com,1.0,2024-06-08
M00496,Casey Moore,2006-04-21,M,North,Medicare,2017-03-10,sanderskim@manning-pham.net,1.0,2024-06-02
M00497,Christine Dorsey,1986-06-02,M,South,HMO,2023-02-04,ashley82@gmail.com,0.0,2024-05-24
M00498,Jordan Barry,1976-04-12,F,East,PPO,2020-06-28,markrichardson@hotmail.com,0.0,2024-05-30
M00499,Tracy Graham,1991-09-30,F,East,Medicaid,2016-06-17,tracey38@hotmail.com,1.0,2024-05-29
M00500,Steven Parker,1984-10-31,O,Metro,EPO,2016-09-05,zwright@gmail.com,0.0,2024-06-07
